is_fraud,count,percentage
0,34446453,99.45166033238233
1,189925,0.5483396676176706
