model_name,accuracy,precision,recall,f1_score,roc_auc,tp,fp,tn,fn
Random Forest,0.985254,0.2633434681519712,0.9398194583751254,0.4114078154312857,0.9959443151565835,10307,28832,1960201,660
XGBoost,0.982548,0.2364753286214413,0.9793015409865962,0.38095913734392733,0.9984286288958051,10740,34677,1954356,227
LightGBM,0.9310625,0.06919003326770318,0.9292422722713596,0.12879051163613617,0.9312689066577547,10191,137099,1851934,776
